final_label,our_community,our_moisture,our_elevation,snow_free_doy,our_dominant_taxa,our_indicator_taxa,our_physiognomy,rank,community,ecosystem_id,level,grank,url,matched_species,recall,precision,score,community_moist_cue,community_elev_cue
Caltha leptosepala,"Upper subalpine meadow, Caltha leptosepala-dominated",wet,subalpine,154,Caltha leptosepala (90.0%); Rhodiola integrifolia (2.0%),"Caltha leptosepala (cov=90.0%, freq=100%, IV=45.9); Rhodiola integrifolia (cov=2.0%, freq=20%, IV=21.9)",Other_Graminoid (3.0%); Bare (2.0%); Other_Forb (2.0%),1,Caltha leptosepala Wet Meadow,688252,Association,G4,/Taxon/ELEMENT_GLOBAL.2.688252/Caltha_leptosepala_Wet_Meadow,Caltha leptosepala,0.68,1,0.96,wet,alpine
Caltha leptosepala,"Upper subalpine meadow, Caltha leptosepala-dominated",wet,subalpine,154,Caltha leptosepala (90.0%); Rhodiola integrifolia (2.0%),"Caltha leptosepala (cov=90.0%, freq=100%, IV=45.9); Rhodiola integrifolia (cov=2.0%, freq=20%, IV=21.9)",Other_Graminoid (3.0%); Bare (2.0%); Other_Forb (2.0%),2,Picea engelmannii / Caltha leptosepala Swamp,683818,Association,G3,/Taxon/ELEMENT_GLOBAL.2.683818/Picea_engelmannii_-_Caltha_leptosepala_Swamp,Caltha leptosepala,0.68,0.5,0.73,wet,NA
Caltha leptosepala,"Upper subalpine meadow, Caltha leptosepala-dominated",wet,subalpine,154,Caltha leptosepala (90.0%); Rhodiola integrifolia (2.0%),"Caltha leptosepala (cov=90.0%, freq=100%, IV=45.9); Rhodiola integrifolia (cov=2.0%, freq=20%, IV=21.9)",Other_Graminoid (3.0%); Bare (2.0%); Other_Forb (2.0%),3,Carex scopulorum - Caltha leptosepala Wet Meadow,684872,Association,G4,/Taxon/ELEMENT_GLOBAL.2.684872/Carex_scopulorum_-_Caltha_leptosepala_Wet_Meadow,Caltha leptosepala,0.68,0.5,0.73,wet,alpine
Corydalis caseana,"Upper subalpine meadow, Corydalis caseana-dominated",mesic,alpine,157,Corydalis caseana (96.0%); Veratrum tenuipetalum (3.0%),"Corydalis caseana (cov=96.0%, freq=100%, IV=106.3); Veratrum tenuipetalum (cov=3.0%, freq=20%, IV=0.1)",Other_Forb (1.0%); Bare (0.0%); NPV (0.0%),1,Heracleum maximum - Veratrum viride Wet Meadow Alliance,1225209,Alliance,GNR,/Taxon/ELEMENT_GLOBAL.2.1225209/Heracleum_maximum_-_Veratrum_viride_Wet_Meadow_Alliance,Veratrum tenuipetalum,0,0.5,0,wet,NA
Ligusticum porteri,"Subalpine meadow, Ligusticum porteri-dominated",mesic,subalpine,146,Ligusticum porteri (87.1%); Helianthella quinquenervis (1.7%); Rumex densiflorus (0.8%),"Ligusticum porteri (cov=87.1%, freq=100%, IV=16.9); Rumex densiflorus (cov=0.8%, freq=8%, IV=0.4); Helianthella quinquenervis (cov=1.7%, freq=17%, IV=0.2)",Other_Forb (5.8%); Bare (1.7%); NPV (1.7%),1,Ligusticum porteri - Vicia americana Meadow,687003,Association,G3,/Taxon/ELEMENT_GLOBAL.2.687003/Ligusticum_porteri_-_Vicia_americana_Meadow,Ligusticum porteri,0.97,0.5,0.81,mesic,NA
Ligusticum porteri,"Subalpine meadow, Ligusticum porteri-dominated",mesic,subalpine,146,Ligusticum porteri (87.1%); Helianthella quinquenervis (1.7%); Rumex densiflorus (0.8%),"Ligusticum porteri (cov=87.1%, freq=100%, IV=16.9); Rumex densiflorus (cov=0.8%, freq=8%, IV=0.4); Helianthella quinquenervis (cov=1.7%, freq=17%, IV=0.2)",Other_Forb (5.8%); Bare (1.7%); NPV (1.7%),2,Ligusticum porteri - Lupinus parviflorus ssp. myrianthus Meadow,689003,Association,GU,/Taxon/ELEMENT_GLOBAL.2.689003/Ligusticum_porteri_-_Lupinus_parviflorus_ssp_myrianthus_Meadow,Ligusticum porteri,0.97,0.5,0.81,mesic,NA
Osmorhiza occidentalis,"Subalpine meadow, Osmorhiza occidentalis-dominated",mesic,subalpine,140,Osmorhiza occidentalis (82.0%); Thalictrum fendleri (2.0%); Lathyrus lanszwertii (1.0%); Valeriana occidentalis (1.0%),"Osmorhiza occidentalis (cov=82.0%, freq=100%, IV=67.1); Valeriana occidentalis (cov=1.0%, freq=20%, IV=1.0); Thalictrum fendleri (cov=2.0%, freq=20%, IV=0.6); Lathyrus lanszwertii (cov=1.0%, freq=20%, IV=0.1)",Other_Forb (7.0%); NPV (4.0%); Other_Graminoid (2.0%),1,"Festuca thurberi - (Lathyrus lanszwertii, Potentilla spp.) Grassland",683986,Association,G4,/Taxon/ELEMENT_GLOBAL.2.683986/Festuca_thurberi_-_(Lathyrus_lanszwertii_Potentilla_spp)_Grassland,Lathyrus lanszwertii,0,0.33,0,dry,montane
S01.b,"Mid-elevation montane dry meadow, Festuca thurberi-dominated",NA,NA,125,Festuca thurberi (26.4%); Agastache urticifolia (5.7%); Dasiphora fruticosa (5.7%); Erigeron speciosus (5.7%); Valeriana occidentalis (2.5%),"Festuca thurberi (cov=26.4%, freq=100%, IV=14.7); Valeriana occidentalis (cov=2.5%, freq=14%, IV=1.9); Agastache urticifolia (cov=5.7%, freq=14%, IV=1.4); Erigeron speciosus (cov=5.7%, freq=36%, IV=1.2); Dasiphora fruticosa (cov=5.7%, freq=7%, IV=1.0)",NPV (27.9%); Other_Forb (14.3%); Bare (5.0%),1,Festuca thurberi Subalpine Grassland,688145,Association,G3,/Taxon/ELEMENT_GLOBAL.2.688145/Festuca_thurberi_Subalpine_Grassland,Festuca thurberi,0.73,1,0.84,dry,alpine
S01.b,"Mid-elevation montane dry meadow, Festuca thurberi-dominated",NA,NA,125,Festuca thurberi (26.4%); Agastache urticifolia (5.7%); Dasiphora fruticosa (5.7%); Erigeron speciosus (5.7%); Valeriana occidentalis (2.5%),"Festuca thurberi (cov=26.4%, freq=100%, IV=14.7); Valeriana occidentalis (cov=2.5%, freq=14%, IV=1.9); Agastache urticifolia (cov=5.7%, freq=14%, IV=1.4); Erigeron speciosus (cov=5.7%, freq=36%, IV=1.2); Dasiphora fruticosa (cov=5.7%, freq=7%, IV=1.0)",NPV (27.9%); Other_Forb (14.3%); Bare (5.0%),2,Artemisia tridentata ssp. vaseyana / Festuca thurberi Shrubland,685656,Association,G3,/Taxon/ELEMENT_GLOBAL.2.685656/Artemisia_tridentata_ssp_vaseyana_-_Festuca_thurberi_Shrubland,Festuca thurberi,0.73,0.5,0.59,wet,montane
S01.b,"Mid-elevation montane dry meadow, Festuca thurberi-dominated",NA,NA,125,Festuca thurberi (26.4%); Agastache urticifolia (5.7%); Dasiphora fruticosa (5.7%); Erigeron speciosus (5.7%); Valeriana occidentalis (2.5%),"Festuca thurberi (cov=26.4%, freq=100%, IV=14.7); Valeriana occidentalis (cov=2.5%, freq=14%, IV=1.9); Agastache urticifolia (cov=5.7%, freq=14%, IV=1.4); Erigeron speciosus (cov=5.7%, freq=36%, IV=1.2); Dasiphora fruticosa (cov=5.7%, freq=7%, IV=1.0)",NPV (27.9%); Other_Forb (14.3%); Bare (5.0%),3,Artemisia cana ssp. viscidula / Festuca thurberi Shrubland,687656,Association,G2,/Taxon/ELEMENT_GLOBAL.2.687656/Artemisia_cana_ssp_viscidula_-_Festuca_thurberi_Shrubland,Festuca thurberi,0.73,0.5,0.59,wet,alpine
S01.c,"Mid-elevation montane meadow, Artemisia tridentata-dominated",NA,NA,122,Artemisia tridentata (23.3%); Festuca thurberi (7.3%); Erigeron speciosus (5.3%); Lupinus bakeri (1.7%); Chrysothamnus viscidiflorus (1.3%),"Artemisia tridentata (cov=23.3%, freq=100%, IV=12.1); Festuca thurberi (cov=7.3%, freq=47%, IV=1.9); Erigeron speciosus (cov=5.3%, freq=40%, IV=1.3); Lupinus bakeri (cov=1.7%, freq=13%, IV=0.5); Chrysothamnus viscidiflorus (cov=1.3%, freq=13%, IV=0.4)",NPV (23.3%); Other_Forb (15.0%); Bare (11.3%),1,Artemisia tridentata ssp. vaseyana / Festuca thurberi Shrubland,685656,Association,G3,/Taxon/ELEMENT_GLOBAL.2.685656/Artemisia_tridentata_ssp_vaseyana_-_Festuca_thurberi_Shrubland,Artemisia tridentata; Festuca thurberi,0.86,1,0.93,wet,montane
S01.c,"Mid-elevation montane meadow, Artemisia tridentata-dominated",NA,NA,122,Artemisia tridentata (23.3%); Festuca thurberi (7.3%); Erigeron speciosus (5.3%); Lupinus bakeri (1.7%); Chrysothamnus viscidiflorus (1.3%),"Artemisia tridentata (cov=23.3%, freq=100%, IV=12.1); Festuca thurberi (cov=7.3%, freq=47%, IV=1.9); Erigeron speciosus (cov=5.3%, freq=40%, IV=1.3); Lupinus bakeri (cov=1.7%, freq=13%, IV=0.5); Chrysothamnus viscidiflorus (cov=1.3%, freq=13%, IV=0.4)",NPV (23.3%); Other_Forb (15.0%); Bare (11.3%),2,Artemisia tridentata ssp. spiciformis - Artemisia tridentata ssp. vaseyana Montane Steppe Group,835909,Group,G4,/Taxon/ELEMENT_GLOBAL.2.835909/Artemisia_tridentata_ssp_spiciformis_-_Artemisia_tridentata_ssp_vaseyana_Montane_Steppe_Group,Artemisia tridentata,0.75,1,0.86,wet,alpine
S01.c,"Mid-elevation montane meadow, Artemisia tridentata-dominated",NA,NA,122,Artemisia tridentata (23.3%); Festuca thurberi (7.3%); Erigeron speciosus (5.3%); Lupinus bakeri (1.7%); Chrysothamnus viscidiflorus (1.3%),"Artemisia tridentata (cov=23.3%, freq=100%, IV=12.1); Festuca thurberi (cov=7.3%, freq=47%, IV=1.9); Erigeron speciosus (cov=5.3%, freq=40%, IV=1.3); Lupinus bakeri (cov=1.7%, freq=13%, IV=0.5); Chrysothamnus viscidiflorus (cov=1.3%, freq=13%, IV=0.4)",NPV (23.3%); Other_Forb (15.0%); Bare (11.3%),3,Artemisia tridentata ssp. wyomingensis - Artemisia tridentata ssp. tridentata Desert Shrubland Group,837809,Group,G4,/Taxon/ELEMENT_GLOBAL.2.837809/Artemisia_tridentata_ssp_wyomingensis_-_Artemisia_tridentata_ssp_tridentata_Desert_Shrubland_Group,Artemisia tridentata,0.75,1,0.86,wet,montane
S02.a,"Subalpine meadow, Bromopsis sp.-dominated",mesic,subalpine,145,Lathyrus lanszwertii (13.9%); Bromopsis sp. (9.2%); Potentilla pulcherrima (7.8%); Delphinium barbeyi (7.2%); Deschampsia cespitosa (4.4%),"Bromopsis sp. (cov=9.2%, freq=11%, IV=3.4); Lathyrus lanszwertii (cov=13.9%, freq=33%, IV=2.7); Dasiphora fruticosa (cov=3.6%, freq=17%, IV=1.5); Potentilla pulcherrima (cov=7.8%, freq=28%, IV=1.4); Aconitum columbianum (cov=1.4%, freq=6%, IV=1.2)",NPV (13.1%); Other_Forb (10.6%); Bare (8.3%),1,"Festuca thurberi - (Lathyrus lanszwertii, Potentilla spp.) Grassland",683986,Association,G4,/Taxon/ELEMENT_GLOBAL.2.683986/Festuca_thurberi_-_(Lathyrus_lanszwertii_Potentilla_spp)_Grassland,Lathyrus lanszwertii,0.26,0.33,0.3,dry,montane
S02.b,"Upper subalpine meadow, Vaccinium cespitosum-dominated",dry,subalpine,160,Vaccinium cespitosum (44.2%); Lupinus argenteus (7.9%); Erigeron glacialis (4.6%); Salix glauca (3.3%); Heterotheca villosa (3.3%),"Vaccinium cespitosum (cov=44.2%, freq=100%, IV=19.3); Salix glauca (cov=3.3%, freq=8%, IV=3.8); Lupinus argenteus (cov=7.9%, freq=25%, IV=2.8); Erigeron glacialis (cov=4.6%, freq=8%, IV=1.9); Carex pachystachya (cov=0.8%, freq=8%, IV=1.1)",Bare (12.5%); NPV (10.4%); Other_Forb (7.9%),1,Elymus lanceolatus - Lupinus argenteus Grassland,947959,Association,GNR,/Taxon/ELEMENT_GLOBAL.2.947959/Elymus_lanceolatus_-_Lupinus_argenteus_Grassland,Lupinus argenteus,0.1,0.5,0.31,dry,NA
S02.b,"Upper subalpine meadow, Vaccinium cespitosum-dominated",dry,subalpine,160,Vaccinium cespitosum (44.2%); Lupinus argenteus (7.9%); Erigeron glacialis (4.6%); Salix glauca (3.3%); Heterotheca villosa (3.3%),"Vaccinium cespitosum (cov=44.2%, freq=100%, IV=19.3); Salix glauca (cov=3.3%, freq=8%, IV=3.8); Lupinus argenteus (cov=7.9%, freq=25%, IV=2.8); Erigeron glacialis (cov=4.6%, freq=8%, IV=1.9); Carex pachystachya (cov=0.8%, freq=8%, IV=1.1)",Bare (12.5%); NPV (10.4%); Other_Forb (7.9%),2,Salix glauca / Deschampsia cespitosa Wet Shrubland,689647,Association,G4,/Taxon/ELEMENT_GLOBAL.2.689647/Salix_glauca_-_Deschampsia_cespitosa_Wet_Shrubland,Salix glauca,0.13,0.5,0.21,mesic,alpine
S03,"Upper subalpine meadow, Mertensia ciliata-dominated",wet,subalpine,158,Mertensia ciliata (23.9%); Veratrum tenuipetalum (19.4%); Delphinium barbeyi (13.3%); Senecio triangularis (12.2%); Heracleum maximum (11.1%),"Mertensia ciliata (cov=23.9%, freq=44%, IV=14.4); Heracleum maximum (cov=11.1%, freq=44%, IV=11.3); Senecio triangularis (cov=12.2%, freq=22%, IV=6.5); Chamerion danielsii (cov=5.6%, freq=11%, IV=3.2); Veratrum tenuipetalum (cov=19.4%, freq=67%, IV=2.8)",Other_Forb (5.6%); NPV (2.2%); Bare (0.0%),1,Cardamine cordifolia - Mertensia ciliata - Senecio triangularis Wet Meadow,689503,Association,G4,/Taxon/ELEMENT_GLOBAL.2.689503/Cardamine_cordifolia_-_Mertensia_ciliata_-_Senecio_triangularis_Wet_Meadow,Mertensia ciliata; Senecio triangularis,0.55,0.67,0.75,wet,alpine
S03,"Upper subalpine meadow, Mertensia ciliata-dominated",wet,subalpine,158,Mertensia ciliata (23.9%); Veratrum tenuipetalum (19.4%); Delphinium barbeyi (13.3%); Senecio triangularis (12.2%); Heracleum maximum (11.1%),"Mertensia ciliata (cov=23.9%, freq=44%, IV=14.4); Heracleum maximum (cov=11.1%, freq=44%, IV=11.3); Senecio triangularis (cov=12.2%, freq=22%, IV=6.5); Chamerion danielsii (cov=5.6%, freq=11%, IV=3.2); Veratrum tenuipetalum (cov=19.4%, freq=67%, IV=2.8)",Other_Forb (5.6%); NPV (2.2%); Bare (0.0%),2,Heracleum maximum - Veratrum viride Wet Meadow Alliance,1225209,Alliance,GNR,/Taxon/ELEMENT_GLOBAL.2.1225209/Heracleum_maximum_-_Veratrum_viride_Wet_Meadow_Alliance,Heracleum maximum; Veratrum tenuipetalum,0.37,1,0.69,wet,NA
S03,"Upper subalpine meadow, Mertensia ciliata-dominated",wet,subalpine,158,Mertensia ciliata (23.9%); Veratrum tenuipetalum (19.4%); Delphinium barbeyi (13.3%); Senecio triangularis (12.2%); Heracleum maximum (11.1%),"Mertensia ciliata (cov=23.9%, freq=44%, IV=14.4); Heracleum maximum (cov=11.1%, freq=44%, IV=11.3); Senecio triangularis (cov=12.2%, freq=22%, IV=6.5); Chamerion danielsii (cov=5.6%, freq=11%, IV=3.2); Veratrum tenuipetalum (cov=19.4%, freq=67%, IV=2.8)",Other_Forb (5.6%); NPV (2.2%); Bare (0.0%),3,Deschampsia cespitosa - Mertensia ciliata Wet Meadow,689243,Association,GU,/Taxon/ELEMENT_GLOBAL.2.689243/Deschampsia_cespitosa_-_Mertensia_ciliata_Wet_Meadow,Mertensia ciliata,0.38,0.5,0.58,wet,NA
S06,"Late-melt alpine / subalpine meadow, Tolmachevia integrifolia-dominated",wet,alpine,171,Caltha leptosepala (20.7%); Tolmachevia integrifolia (19.3%); Mertensia ciliata (9.6%); Veratrum tenuipetalum (8.9%); Senecio triangularis (6.4%),"Tolmachevia integrifolia (cov=19.3%, freq=36%, IV=11.8); Caltha leptosepala (cov=20.7%, freq=57%, IV=6.0); Clementsia rhodantha (cov=3.6%, freq=14%, IV=5.6); Mertensia ciliata (cov=9.6%, freq=29%, IV=3.7); Senecio triangularis (cov=6.4%, freq=21%, IV=3.3)",Other_Forb (5.0%); NPV (3.6%); Other_Graminoid (1.8%),1,Caltha leptosepala - Rhodiola rhodantha Wet Meadow,688961,Association,GNR,/Taxon/ELEMENT_GLOBAL.2.688961/Caltha_leptosepala_-_Rhodiola_rhodantha_Wet_Meadow,Caltha leptosepala; Clementsia rhodantha,0.38,1,0.85,wet,alpine
S06,"Late-melt alpine / subalpine meadow, Tolmachevia integrifolia-dominated",wet,alpine,171,Caltha leptosepala (20.7%); Tolmachevia integrifolia (19.3%); Mertensia ciliata (9.6%); Veratrum tenuipetalum (8.9%); Senecio triangularis (6.4%),"Tolmachevia integrifolia (cov=19.3%, freq=36%, IV=11.8); Caltha leptosepala (cov=20.7%, freq=57%, IV=6.0); Clementsia rhodantha (cov=3.6%, freq=14%, IV=5.6); Mertensia ciliata (cov=9.6%, freq=29%, IV=3.7); Senecio triangularis (cov=6.4%, freq=21%, IV=3.3)",Other_Forb (5.0%); NPV (3.6%); Other_Graminoid (1.8%),2,Caltha leptosepala - Rhodiola rhodantha Wet Meadow Alliance,899164,Alliance,GNR,/Taxon/ELEMENT_GLOBAL.2.899164/Caltha_leptosepala_-_Rhodiola_rhodantha_Wet_Meadow_Alliance,Caltha leptosepala; Clementsia rhodantha,0.38,1,0.85,wet,alpine
S06,"Late-melt alpine / subalpine meadow, Tolmachevia integrifolia-dominated",wet,alpine,171,Caltha leptosepala (20.7%); Tolmachevia integrifolia (19.3%); Mertensia ciliata (9.6%); Veratrum tenuipetalum (8.9%); Senecio triangularis (6.4%),"Tolmachevia integrifolia (cov=19.3%, freq=36%, IV=11.8); Caltha leptosepala (cov=20.7%, freq=57%, IV=6.0); Clementsia rhodantha (cov=3.6%, freq=14%, IV=5.6); Mertensia ciliata (cov=9.6%, freq=29%, IV=3.7); Senecio triangularis (cov=6.4%, freq=21%, IV=3.3)",Other_Forb (5.0%); NPV (3.6%); Other_Graminoid (1.8%),3,Cardamine cordifolia - Mertensia ciliata - Senecio triangularis Wet Meadow,689503,Association,G4,/Taxon/ELEMENT_GLOBAL.2.689503/Cardamine_cordifolia_-_Mertensia_ciliata_-_Senecio_triangularis_Wet_Meadow,Mertensia ciliata; Senecio triangularis,0.23,0.67,0.64,wet,alpine
S07.a,"Upper subalpine meadow, Ligusticum porteri-dominated",mesic,subalpine,154,Ligusticum porteri (10.2%); Festuca thurberi (6.1%); Erigeron speciosus (3.8%); Mertensia lanceolata (2.5%); Senecio crassulus (2.3%),"Ligusticum porteri (cov=10.2%, freq=50%, IV=1.0); Valeriana edulis (cov=1.6%, freq=9%, IV=0.9); Senecio crassulus (cov=2.3%, freq=16%, IV=0.9); Festuca thurberi (cov=6.1%, freq=25%, IV=0.8); Solidago spp (cov=1.1%, freq=6%, IV=0.8)",NPV (14.8%); Other_Forb (12.0%); Bare (9.7%),1,Ligusticum porteri - Vicia americana Meadow,687003,Association,G3,/Taxon/ELEMENT_GLOBAL.2.687003/Ligusticum_porteri_-_Vicia_americana_Meadow,Ligusticum porteri,0.23,0.5,0.46,mesic,NA
S07.a,"Upper subalpine meadow, Ligusticum porteri-dominated",mesic,subalpine,154,Ligusticum porteri (10.2%); Festuca thurberi (6.1%); Erigeron speciosus (3.8%); Mertensia lanceolata (2.5%); Senecio crassulus (2.3%),"Ligusticum porteri (cov=10.2%, freq=50%, IV=1.0); Valeriana edulis (cov=1.6%, freq=9%, IV=0.9); Senecio crassulus (cov=2.3%, freq=16%, IV=0.9); Festuca thurberi (cov=6.1%, freq=25%, IV=0.8); Solidago spp (cov=1.1%, freq=6%, IV=0.8)",NPV (14.8%); Other_Forb (12.0%); Bare (9.7%),2,Ligusticum porteri - Lupinus parviflorus ssp. myrianthus Meadow,689003,Association,GU,/Taxon/ELEMENT_GLOBAL.2.689003/Ligusticum_porteri_-_Lupinus_parviflorus_ssp_myrianthus_Meadow,Ligusticum porteri,0.23,0.5,0.46,mesic,NA
S07.a,"Upper subalpine meadow, Ligusticum porteri-dominated",mesic,subalpine,154,Ligusticum porteri (10.2%); Festuca thurberi (6.1%); Erigeron speciosus (3.8%); Mertensia lanceolata (2.5%); Senecio crassulus (2.3%),"Ligusticum porteri (cov=10.2%, freq=50%, IV=1.0); Valeriana edulis (cov=1.6%, freq=9%, IV=0.9); Senecio crassulus (cov=2.3%, freq=16%, IV=0.9); Festuca thurberi (cov=6.1%, freq=25%, IV=0.8); Solidago spp (cov=1.1%, freq=6%, IV=0.8)",NPV (14.8%); Other_Forb (12.0%); Bare (9.7%),3,Festuca thurberi Subalpine Grassland,688145,Association,G3,/Taxon/ELEMENT_GLOBAL.2.688145/Festuca_thurberi_Subalpine_Grassland,Festuca thurberi,0.18,1,0.31,dry,alpine
S07.b,"Late-melt alpine / subalpine meadow, Deschampsia cespitosa-dominated",wet,subalpine,173,Deschampsia cespitosa (20.5%); Arnica mollis (14.1%); Vaccinium cespitosum (9.1%); Acomastylis rossii (6.8%); Caltha leptosepala (5.5%),"Deschampsia cespitosa (cov=20.5%, freq=91%, IV=13.8); Arnica mollis (cov=14.1%, freq=55%, IV=12.8); Senecio crassulus (cov=4.5%, freq=36%, IV=3.9); Carex pachystachya (cov=2.3%, freq=9%, IV=3.2); Castilleja septentrionalis (cov=1.4%, freq=9%, IV=1.9)",Other_Forb (10.5%); NPV (9.5%); Bare (8.2%),1,Deschampsia cespitosa - Achillea millefolium var. occidentalis Wet Meadow,687593,Association,G5,/Taxon/ELEMENT_GLOBAL.2.687593/Deschampsia_cespitosa_-_Achillea_millefolium_var_occidentalis_Wet_Meadow,Deschampsia cespitosa,0.39,0.5,0.59,wet,NA
S07.b,"Late-melt alpine / subalpine meadow, Deschampsia cespitosa-dominated",wet,subalpine,173,Deschampsia cespitosa (20.5%); Arnica mollis (14.1%); Vaccinium cespitosum (9.1%); Acomastylis rossii (6.8%); Caltha leptosepala (5.5%),"Deschampsia cespitosa (cov=20.5%, freq=91%, IV=13.8); Arnica mollis (cov=14.1%, freq=55%, IV=12.8); Senecio crassulus (cov=4.5%, freq=36%, IV=3.9); Carex pachystachya (cov=2.3%, freq=9%, IV=3.2); Castilleja septentrionalis (cov=1.4%, freq=9%, IV=1.9)",Other_Forb (10.5%); NPV (9.5%); Bare (8.2%),2,Deschampsia cespitosa - Mertensia ciliata Wet Meadow,689243,Association,GU,/Taxon/ELEMENT_GLOBAL.2.689243/Deschampsia_cespitosa_-_Mertensia_ciliata_Wet_Meadow,Deschampsia cespitosa,0.39,0.5,0.59,wet,NA
S07.b,"Late-melt alpine / subalpine meadow, Deschampsia cespitosa-dominated",wet,subalpine,173,Deschampsia cespitosa (20.5%); Arnica mollis (14.1%); Vaccinium cespitosum (9.1%); Acomastylis rossii (6.8%); Caltha leptosepala (5.5%),"Deschampsia cespitosa (cov=20.5%, freq=91%, IV=13.8); Arnica mollis (cov=14.1%, freq=55%, IV=12.8); Senecio crassulus (cov=4.5%, freq=36%, IV=3.9); Carex pachystachya (cov=2.3%, freq=9%, IV=3.2); Castilleja septentrionalis (cov=1.4%, freq=9%, IV=1.9)",Other_Forb (10.5%); NPV (9.5%); Bare (8.2%),3,Festuca viridula - Deschampsia cespitosa - Ligusticum spp. Grassland & Meadow Group,837646,Group,G4,/Taxon/ELEMENT_GLOBAL.2.837646/Festuca_viridula_-_Deschampsia_cespitosa_-_Ligusticum_spp_Grassland_Meadow_Group,Deschampsia cespitosa,0.39,0.33,0.51,wet,alpine
S08.a,"Subalpine meadow, Ligusticum porteri-dominated",mesic,subalpine,146,Ligusticum porteri (18.6%); Erigeron speciosus (5.7%); Senecio serra (5.0%); Heracleum maximum (4.6%); Lupinus argenteus (4.3%),"Ligusticum porteri (cov=18.6%, freq=71%, IV=2.6); Senecio serra (cov=5.0%, freq=14%, IV=2.4); Eucephalus engelmannii (cov=3.2%, freq=14%, IV=2.0); Hydrophyllum fendleri (cov=0.7%, freq=7%, IV=1.9); Heracleum maximum (cov=4.6%, freq=14%, IV=1.5)",Other_Forb (15.4%); NPV (10.4%); Other_Graminoid (4.6%),1,Ligusticum porteri - Vicia americana Meadow,687003,Association,G3,/Taxon/ELEMENT_GLOBAL.2.687003/Ligusticum_porteri_-_Vicia_americana_Meadow,Ligusticum porteri,0.25,0.5,0.48,mesic,NA
S08.a,"Subalpine meadow, Ligusticum porteri-dominated",mesic,subalpine,146,Ligusticum porteri (18.6%); Erigeron speciosus (5.7%); Senecio serra (5.0%); Heracleum maximum (4.6%); Lupinus argenteus (4.3%),"Ligusticum porteri (cov=18.6%, freq=71%, IV=2.6); Senecio serra (cov=5.0%, freq=14%, IV=2.4); Eucephalus engelmannii (cov=3.2%, freq=14%, IV=2.0); Hydrophyllum fendleri (cov=0.7%, freq=7%, IV=1.9); Heracleum maximum (cov=4.6%, freq=14%, IV=1.5)",Other_Forb (15.4%); NPV (10.4%); Other_Graminoid (4.6%),2,Ligusticum porteri - Lupinus parviflorus ssp. myrianthus Meadow,689003,Association,GU,/Taxon/ELEMENT_GLOBAL.2.689003/Ligusticum_porteri_-_Lupinus_parviflorus_ssp_myrianthus_Meadow,Ligusticum porteri,0.25,0.5,0.48,mesic,NA
S08.a,"Subalpine meadow, Ligusticum porteri-dominated",mesic,subalpine,146,Ligusticum porteri (18.6%); Erigeron speciosus (5.7%); Senecio serra (5.0%); Heracleum maximum (4.6%); Lupinus argenteus (4.3%),"Ligusticum porteri (cov=18.6%, freq=71%, IV=2.6); Senecio serra (cov=5.0%, freq=14%, IV=2.4); Eucephalus engelmannii (cov=3.2%, freq=14%, IV=2.0); Hydrophyllum fendleri (cov=0.7%, freq=7%, IV=1.9); Heracleum maximum (cov=4.6%, freq=14%, IV=1.5)",Other_Forb (15.4%); NPV (10.4%); Other_Graminoid (4.6%),3,Cornus sericea / Heracleum maximum Wet Shrubland,686370,Association,G3,/Taxon/ELEMENT_GLOBAL.2.686370/Cornus_sericea_-_Heracleum_maximum_Wet_Shrubland,Heracleum maximum,0.14,0.5,0.37,mesic,NA
S08.b,"Subalpine meadow, Veratrum tenuipetalum-dominated",wet,subalpine,144,Veratrum tenuipetalum (36.8%); Delphinium barbeyi (20.7%); Ligusticum porteri (16.1%); Osmorhiza occidentalis (4.3%); Thalictrum fendleri (2.5%),"Veratrum tenuipetalum (cov=36.8%, freq=86%, IV=6.9); Delphinium barbeyi (cov=20.7%, freq=57%, IV=6.2); Ligusticum porteri (cov=16.1%, freq=64%, IV=2.0); Hydrophyllum fendleri (cov=0.4%, freq=7%, IV=0.9); Heracleum maximum (cov=2.1%, freq=14%, IV=0.7)",Other_Forb (7.5%); NPV (2.5%); Other_Graminoid (1.4%),1,Heracleum maximum - Veratrum viride Wet Meadow Alliance,1225209,Alliance,GNR,/Taxon/ELEMENT_GLOBAL.2.1225209/Heracleum_maximum_-_Veratrum_viride_Wet_Meadow_Alliance,Veratrum tenuipetalum; Heracleum maximum,0.46,1,0.78,wet,NA
S08.b,"Subalpine meadow, Veratrum tenuipetalum-dominated",wet,subalpine,144,Veratrum tenuipetalum (36.8%); Delphinium barbeyi (20.7%); Ligusticum porteri (16.1%); Osmorhiza occidentalis (4.3%); Thalictrum fendleri (2.5%),"Veratrum tenuipetalum (cov=36.8%, freq=86%, IV=6.9); Delphinium barbeyi (cov=20.7%, freq=57%, IV=6.2); Ligusticum porteri (cov=16.1%, freq=64%, IV=2.0); Hydrophyllum fendleri (cov=0.4%, freq=7%, IV=0.9); Heracleum maximum (cov=2.1%, freq=14%, IV=0.7)",Other_Forb (7.5%); NPV (2.5%); Other_Graminoid (1.4%),2,Ligusticum porteri - Vicia americana Meadow,687003,Association,G3,/Taxon/ELEMENT_GLOBAL.2.687003/Ligusticum_porteri_-_Vicia_americana_Meadow,Ligusticum porteri,0.12,0.5,0.19,mesic,NA
S08.b,"Subalpine meadow, Veratrum tenuipetalum-dominated",wet,subalpine,144,Veratrum tenuipetalum (36.8%); Delphinium barbeyi (20.7%); Ligusticum porteri (16.1%); Osmorhiza occidentalis (4.3%); Thalictrum fendleri (2.5%),"Veratrum tenuipetalum (cov=36.8%, freq=86%, IV=6.9); Delphinium barbeyi (cov=20.7%, freq=57%, IV=6.2); Ligusticum porteri (cov=16.1%, freq=64%, IV=2.0); Hydrophyllum fendleri (cov=0.4%, freq=7%, IV=0.9); Heracleum maximum (cov=2.1%, freq=14%, IV=0.7)",Other_Forb (7.5%); NPV (2.5%); Other_Graminoid (1.4%),3,Ligusticum porteri - Lupinus parviflorus ssp. myrianthus Meadow,689003,Association,GU,/Taxon/ELEMENT_GLOBAL.2.689003/Ligusticum_porteri_-_Lupinus_parviflorus_ssp_myrianthus_Meadow,Ligusticum porteri,0.12,0.5,0.19,mesic,NA
S09.a,"Subalpine meadow, Ligusticum porteri-dominated",NA,NA,146,Ligusticum porteri (21.4%); Agastache urticifolia (6.4%); Erigeron speciosus (6.4%); Veratrum tenuipetalum (5.5%); Artemisia dracunculus (4.5%),"Ligusticum porteri (cov=21.4%, freq=82%, IV=3.4); Linum lewisii (cov=1.8%, freq=18%, IV=3.0); Poa compressa (cov=1.4%, freq=9%, IV=2.7); Erigeron speciosus (cov=6.4%, freq=45%, IV=1.8); Heliomeris multiflora (cov=3.2%, freq=27%, IV=1.0)",Bare (11.4%); Other_Forb (10.9%); NPV (10.5%),1,Ligusticum porteri - Vicia americana Meadow,687003,Association,G3,/Taxon/ELEMENT_GLOBAL.2.687003/Ligusticum_porteri_-_Vicia_americana_Meadow,Ligusticum porteri,0.29,0.5,0.36,mesic,NA
S09.a,"Subalpine meadow, Ligusticum porteri-dominated",NA,NA,146,Ligusticum porteri (21.4%); Agastache urticifolia (6.4%); Erigeron speciosus (6.4%); Veratrum tenuipetalum (5.5%); Artemisia dracunculus (4.5%),"Ligusticum porteri (cov=21.4%, freq=82%, IV=3.4); Linum lewisii (cov=1.8%, freq=18%, IV=3.0); Poa compressa (cov=1.4%, freq=9%, IV=2.7); Erigeron speciosus (cov=6.4%, freq=45%, IV=1.8); Heliomeris multiflora (cov=3.2%, freq=27%, IV=1.0)",Bare (11.4%); Other_Forb (10.9%); NPV (10.5%),2,Ligusticum porteri - Lupinus parviflorus ssp. myrianthus Meadow,689003,Association,GU,/Taxon/ELEMENT_GLOBAL.2.689003/Ligusticum_porteri_-_Lupinus_parviflorus_ssp_myrianthus_Meadow,Ligusticum porteri,0.29,0.5,0.36,mesic,NA
S09.b,"Subalpine meadow, Heliomeris multiflora-dominated",NA,NA,142,Heliomeris multiflora (13.2%); Helianthella quinquenervis (11.3%); Lathyrus lanszwertii (9.5%); Agastache urticifolia (7.1%); Fragaria virgiana (3.4%),"Heliomeris multiflora (cov=13.2%, freq=68%, IV=10.4); Helianthella quinquenervis (cov=11.3%, freq=47%, IV=3.7); Lathyrus lanszwertii (cov=9.5%, freq=42%, IV=2.4); Agastache urticifolia (cov=7.1%, freq=16%, IV=1.9); Galium boreale (cov=1.3%, freq=11%, IV=1.0)",NPV (15.3%); Bare (11.6%); Other_Forb (10.0%),1,"Festuca thurberi - (Lathyrus lanszwertii, Potentilla spp.) Grassland",683986,Association,G4,/Taxon/ELEMENT_GLOBAL.2.683986/Festuca_thurberi_-_(Lathyrus_lanszwertii_Potentilla_spp)_Grassland,Lathyrus lanszwertii,0.12,0.33,0.18,dry,montane
S09.c,"Subalpine meadow, Symphyotrichum spp-dominated",NA,NA,149,Artemisia dracunculus (10.5%); Delphinium barbeyi (7.3%); Vaccinium cespitosum (6.8%); Potentilla pulcherrima (6.4%); Symphyotrichum spp (6.4%),"Symphyotrichum spp (cov=6.4%, freq=9%, IV=4.5); Rubus idaeus (cov=1.8%, freq=9%, IV=4.5); Artemisia dracunculus (cov=10.5%, freq=18%, IV=4.3); Carex hoodii (cov=5.5%, freq=9%, IV=2.9); Elymus lanceolatus (cov=0.9%, freq=9%, IV=2.3)",Other_Forb (10.0%); NPV (9.5%); Bare (5.9%),1,Elymus lanceolatus - Lupinus argenteus Grassland,947959,Association,GNR,/Taxon/ELEMENT_GLOBAL.2.947959/Elymus_lanceolatus_-_Lupinus_argenteus_Grassland,Elymus lanceolatus,0.12,0.5,0.2,dry,NA
S10.a,"Upper subalpine meadow, Castilleja sulphurea-dominated",NA,NA,152,Potentilla pulcherrima (9.6%); Lathyrus lanszwertii (9.2%); Vaccinium cespitosum (6.9%); Erigeron speciosus (6.2%); Thalictrum fendleri (4.6%),"Castilleja sulphurea (cov=2.7%, freq=23%, IV=9.7); Carex microptera (cov=1.2%, freq=8%, IV=3.2); Pseudocymopterus montanus (cov=0.8%, freq=8%, IV=3.2); Potentilla pulcherrima (cov=9.6%, freq=46%, IV=2.9); Thalictrum fendleri (cov=4.6%, freq=31%, IV=2.0)",Other_Forb (15.8%); NPV (8.1%); Other_Graminoid (8.1%),1,Carex microptera Wet Meadow,686153,Association,G4,/Taxon/ELEMENT_GLOBAL.2.686153/Carex_microptera_Wet_Meadow,Carex microptera,0.15,1,0.26,wet,montane
S10.b,"Subalpine meadow, Ribes montigenum-dominated",NA,NA,150,Ligusticum porteri (27.5%); Delphinium barbeyi (16.9%); Eucephalus engelmannii (8.1%); Aquilegia coerulea var. coerulea (4.4%); Heracleum maximum (4.4%),"Ribes montigenum (cov=1.9%, freq=12%, IV=8.6); Ligusticum porteri (cov=27.5%, freq=88%, IV=4.7); Eucephalus engelmannii (cov=8.1%, freq=12%, IV=4.5); Delphinium barbeyi (cov=16.9%, freq=38%, IV=3.3); Heracleum maximum (cov=4.4%, freq=25%, IV=2.5)",Other_Forb (9.4%); NPV (7.5%); Other_Graminoid (3.8%),1,Ligusticum porteri - Vicia americana Meadow,687003,Association,G3,/Taxon/ELEMENT_GLOBAL.2.687003/Ligusticum_porteri_-_Vicia_americana_Meadow,Ligusticum porteri,0.2,0.5,0.28,mesic,NA
S10.b,"Subalpine meadow, Ribes montigenum-dominated",NA,NA,150,Ligusticum porteri (27.5%); Delphinium barbeyi (16.9%); Eucephalus engelmannii (8.1%); Aquilegia coerulea var. coerulea (4.4%); Heracleum maximum (4.4%),"Ribes montigenum (cov=1.9%, freq=12%, IV=8.6); Ligusticum porteri (cov=27.5%, freq=88%, IV=4.7); Eucephalus engelmannii (cov=8.1%, freq=12%, IV=4.5); Delphinium barbeyi (cov=16.9%, freq=38%, IV=3.3); Heracleum maximum (cov=4.4%, freq=25%, IV=2.5)",Other_Forb (9.4%); NPV (7.5%); Other_Graminoid (3.8%),2,Ligusticum porteri - Lupinus parviflorus ssp. myrianthus Meadow,689003,Association,GU,/Taxon/ELEMENT_GLOBAL.2.689003/Ligusticum_porteri_-_Lupinus_parviflorus_ssp_myrianthus_Meadow,Ligusticum porteri,0.2,0.5,0.28,mesic,NA
S10.b,"Subalpine meadow, Ribes montigenum-dominated",NA,NA,150,Ligusticum porteri (27.5%); Delphinium barbeyi (16.9%); Eucephalus engelmannii (8.1%); Aquilegia coerulea var. coerulea (4.4%); Heracleum maximum (4.4%),"Ribes montigenum (cov=1.9%, freq=12%, IV=8.6); Ligusticum porteri (cov=27.5%, freq=88%, IV=4.7); Eucephalus engelmannii (cov=8.1%, freq=12%, IV=4.5); Delphinium barbeyi (cov=16.9%, freq=38%, IV=3.3); Heracleum maximum (cov=4.4%, freq=25%, IV=2.5)",Other_Forb (9.4%); NPV (7.5%); Other_Graminoid (3.8%),3,Cornus sericea / Heracleum maximum Wet Shrubland,686370,Association,G3,/Taxon/ELEMENT_GLOBAL.2.686370/Cornus_sericea_-_Heracleum_maximum_Wet_Shrubland,Heracleum maximum,0.11,0.5,0.17,mesic,NA
S11,"Mid-elevation montane meadow, Festuca saximontana-dominated",dry,montane,124,Artemisia tridentata (5.6%); Festuca saximontana (4.7%); Poa pratensis (4.7%); Lathyrus lanszwertii (3.1%); Eriogonum umbellatum (2.8%),"Festuca saximontana (cov=4.7%, freq=28%, IV=8.5); Poa pratensis (cov=4.7%, freq=22%, IV=4.1); Ericameria nauseosa (cov=2.5%, freq=11%, IV=1.0); Artemisia tridentata (cov=5.6%, freq=28%, IV=0.8); Eremogone congesta (cov=1.7%, freq=6%, IV=0.7)",NPV (23.9%); Other_Forb (16.9%); Bare (15.6%),1,Chrysothamnus viscidiflorus / Poa pratensis Ruderal Shrub Grassland,684390,Association,GNA,/Taxon/ELEMENT_GLOBAL.2.684390/Chrysothamnus_viscidiflorus_-_Poa_pratensis_Ruderal_Shrub_Grassland,Poa pratensis,0.27,0.5,0.65,dry,montane
S11,"Mid-elevation montane meadow, Festuca saximontana-dominated",dry,montane,124,Artemisia tridentata (5.6%); Festuca saximontana (4.7%); Poa pratensis (4.7%); Lathyrus lanszwertii (3.1%); Eriogonum umbellatum (2.8%),"Festuca saximontana (cov=4.7%, freq=28%, IV=8.5); Poa pratensis (cov=4.7%, freq=22%, IV=4.1); Ericameria nauseosa (cov=2.5%, freq=11%, IV=1.0); Artemisia tridentata (cov=5.6%, freq=28%, IV=0.8); Eremogone congesta (cov=1.7%, freq=6%, IV=0.7)",NPV (23.9%); Other_Forb (16.9%); Bare (15.6%),2,Poa pratensis - (Pascopyrum smithii) Ruderal Grassland,684776,Association,GNA,/Taxon/ELEMENT_GLOBAL.2.684776/Poa_pratensis_-_(Pascopyrum_smithii)_Ruderal_Grassland,Poa pratensis,0.27,0.5,0.5,wet,montane
S11,"Mid-elevation montane meadow, Festuca saximontana-dominated",dry,montane,124,Artemisia tridentata (5.6%); Festuca saximontana (4.7%); Poa pratensis (4.7%); Lathyrus lanszwertii (3.1%); Eriogonum umbellatum (2.8%),"Festuca saximontana (cov=4.7%, freq=28%, IV=8.5); Poa pratensis (cov=4.7%, freq=22%, IV=4.1); Ericameria nauseosa (cov=2.5%, freq=11%, IV=1.0); Artemisia tridentata (cov=5.6%, freq=28%, IV=0.8); Eremogone congesta (cov=1.7%, freq=6%, IV=0.7)",NPV (23.9%); Other_Forb (16.9%); Bare (15.6%),3,Great Plains Poa pratensis - Centaurea spp. Ruderal Grassland & Shrubland Macrogroup,872643,Macrogroup,GNA,/Taxon/ELEMENT_GLOBAL.2.872643/Great_Plains_Poa_pratensis_-_Centaurea_spp_Ruderal_Grassland_Shrubland_Macrogroup,Poa pratensis,0.27,0.5,0.5,dry,NA
S12,"Subalpine meadow, Phleum pratense-dominated",mesic,subalpine,138,Carex aquatilis (17.5%); Carex spp (16.7%); Phleum pratense (15.0%); Caltha leptosepala (10.0%); Deschampsia cespitosa (10.0%),"Phleum pratense (cov=15.0%, freq=17%, IV=15.2); Pedicularis groenlandica (cov=2.5%, freq=17%, IV=15.2); Carex aquatilis (cov=17.5%, freq=33%, IV=6.5); Carex spp (cov=16.7%, freq=17%, IV=5.4); Caltha leptosepala (cov=10.0%, freq=50%, IV=2.5)",NPV (10.0%); Other_Forb (3.3%); Bare (2.5%),1,Salix wolfii / Carex aquatilis Wet Shrubland,689451,Association,G4,/Taxon/ELEMENT_GLOBAL.2.689451/Salix_wolfii_-_Carex_aquatilis_Wet_Shrubland,Carex aquatilis; Carex spp,0.21,1,0.34,wet,NA
S12,"Subalpine meadow, Phleum pratense-dominated",mesic,subalpine,138,Carex aquatilis (17.5%); Carex spp (16.7%); Phleum pratense (15.0%); Caltha leptosepala (10.0%); Deschampsia cespitosa (10.0%),"Phleum pratense (cov=15.0%, freq=17%, IV=15.2); Pedicularis groenlandica (cov=2.5%, freq=17%, IV=15.2); Carex aquatilis (cov=17.5%, freq=33%, IV=6.5); Carex spp (cov=16.7%, freq=17%, IV=5.4); Caltha leptosepala (cov=10.0%, freq=50%, IV=2.5)",NPV (10.0%); Other_Forb (3.3%); Bare (2.5%),2,Poa pratensis - Phleum pratense - Cirsium arvense Northerrn Plains Ruderal Grassland & Shrubland Group,881407,Group,GNA,/Taxon/ELEMENT_GLOBAL.2.881407/Poa_pratensis_-_Phleum_pratense_-_Cirsium_arvense_Northerrn_Plains_Ruderal_Grassland_Shrubland_Group,Phleum pratense,0.34,0.33,0.34,dry,NA
S12,"Subalpine meadow, Phleum pratense-dominated",mesic,subalpine,138,Carex aquatilis (17.5%); Carex spp (16.7%); Phleum pratense (15.0%); Caltha leptosepala (10.0%); Deschampsia cespitosa (10.0%),"Phleum pratense (cov=15.0%, freq=17%, IV=15.2); Pedicularis groenlandica (cov=2.5%, freq=17%, IV=15.2); Carex aquatilis (cov=17.5%, freq=33%, IV=6.5); Carex spp (cov=16.7%, freq=17%, IV=5.4); Caltha leptosepala (cov=10.0%, freq=50%, IV=2.5)",NPV (10.0%); Other_Forb (3.3%); Bare (2.5%),3,Carex aquatilis - Carex lasiocarpa - Sphagnum spp. Rocky Mountain Acidic Fen Group,856688,Group,G4,/Taxon/ELEMENT_GLOBAL.2.856688/Carex_aquatilis_-_Carex_lasiocarpa_-_Sphagnum_spp_Rocky_Mountain_Acidic_Fen_Group,Carex aquatilis; Carex spp,0.21,0.67,0.31,wet,NA
S13,"Upper subalpine meadow, Festuca idahoensis-dominated",mesic,subalpine,151,Helianthella quinquenervis (15.0%); Ligusticum porteri (12.0%); Thalictrum fendleri (8.0%); Bromopsis inermis (6.7%); Heliomeris multiflora (5.3%),"Festuca idahoensis (cov=3.0%, freq=27%, IV=9.7); Helianthella quinquenervis (cov=15.0%, freq=67%, IV=6.9); Bromopsis inermis (cov=6.7%, freq=40%, IV=3.7); Thalictrum fendleri (cov=8.0%, freq=27%, IV=3.0); Poa leptocoma (cov=1.0%, freq=7%, IV=2.4)",Bare (9.7%); Other_Forb (9.7%); Other_Graminoid (6.3%),1,Festuca idahoensis - Festuca thurberi Grassland,688463,Association,G3,/Taxon/ELEMENT_GLOBAL.2.688463/Festuca_idahoensis_-_Festuca_thurberi_Grassland,Festuca idahoensis,0.38,0.5,0.43,dry,NA
S13,"Upper subalpine meadow, Festuca idahoensis-dominated",mesic,subalpine,151,Helianthella quinquenervis (15.0%); Ligusticum porteri (12.0%); Thalictrum fendleri (8.0%); Bromopsis inermis (6.7%); Heliomeris multiflora (5.3%),"Festuca idahoensis (cov=3.0%, freq=27%, IV=9.7); Helianthella quinquenervis (cov=15.0%, freq=67%, IV=6.9); Bromopsis inermis (cov=6.7%, freq=40%, IV=3.7); Thalictrum fendleri (cov=8.0%, freq=27%, IV=3.0); Poa leptocoma (cov=1.0%, freq=7%, IV=2.4)",Bare (9.7%); Other_Forb (9.7%); Other_Graminoid (6.3%),2,Festuca campestris - Festuca idahoensis - Pseudoroegneria spicata Foothill Grassland Group,836914,Group,G4,/Taxon/ELEMENT_GLOBAL.2.836914/Festuca_campestris_-_Festuca_idahoensis_-_Pseudoroegneria_spicata_Foothill_Grassland_Group,Festuca idahoensis,0.38,0.33,0.35,dry,montane
S13,"Upper subalpine meadow, Festuca idahoensis-dominated",mesic,subalpine,151,Helianthella quinquenervis (15.0%); Ligusticum porteri (12.0%); Thalictrum fendleri (8.0%); Bromopsis inermis (6.7%); Heliomeris multiflora (5.3%),"Festuca idahoensis (cov=3.0%, freq=27%, IV=9.7); Helianthella quinquenervis (cov=15.0%, freq=67%, IV=6.9); Bromopsis inermis (cov=6.7%, freq=40%, IV=3.7); Thalictrum fendleri (cov=8.0%, freq=27%, IV=3.0); Poa leptocoma (cov=1.0%, freq=7%, IV=2.4)",Bare (9.7%); Other_Forb (9.7%); Other_Graminoid (6.3%),3,Leymus innovatus - Festuca idahoensis - Leucopoa kingii Grassland Group,836944,Group,G4,/Taxon/ELEMENT_GLOBAL.2.836944/Leymus_innovatus_-_Festuca_idahoensis_-_Leucopoa_kingii_Grassland_Group,Festuca idahoensis,0.38,0.33,0.35,wet,alpine
S14,"Late-melt alpine / subalpine sparse meadow / shrubland, Vaccinium cespitosum-dominated",dry,alpine,167,Vaccinium cespitosum (24.1%); Lupinus argenteus (8.2%); Heterotheca villosa (6.4%); Deschampsia cespitosa (2.7%); Calamagrostis canadensis (1.8%),"Vaccinium cespitosum (cov=24.1%, freq=73%, IV=7.7); Heterotheca villosa (cov=6.4%, freq=45%, IV=3.2); Calamagrostis canadensis (cov=1.8%, freq=9%, IV=3.0); Erigeron grandiflorus (cov=0.9%, freq=9%, IV=2.3); Lupinus argenteus (cov=8.2%, freq=18%, IV=2.1)",Bare (25.5%); NPV (11.8%); Other_Forb (7.3%),1,Elymus lanceolatus - Lupinus argenteus Grassland,947959,Association,GNR,/Taxon/ELEMENT_GLOBAL.2.947959/Elymus_lanceolatus_-_Lupinus_argenteus_Grassland,Lupinus argenteus,0.11,0.5,0.34,dry,NA
S14,"Late-melt alpine / subalpine sparse meadow / shrubland, Vaccinium cespitosum-dominated",dry,alpine,167,Vaccinium cespitosum (24.1%); Lupinus argenteus (8.2%); Heterotheca villosa (6.4%); Deschampsia cespitosa (2.7%); Calamagrostis canadensis (1.8%),"Vaccinium cespitosum (cov=24.1%, freq=73%, IV=7.7); Heterotheca villosa (cov=6.4%, freq=45%, IV=3.2); Calamagrostis canadensis (cov=1.8%, freq=9%, IV=3.0); Erigeron grandiflorus (cov=0.9%, freq=9%, IV=2.3); Lupinus argenteus (cov=8.2%, freq=18%, IV=2.1)",Bare (25.5%); NPV (11.8%); Other_Forb (7.3%),2,Salix wolfii / Calamagrostis canadensis Wet Shrubland,738631,Association,G3,/Taxon/ELEMENT_GLOBAL.2.738631/Salix_wolfii_-_Calamagrostis_canadensis_Wet_Shrubland,Calamagrostis canadensis,0.16,0.5,0.25,wet,NA
S14,"Late-melt alpine / subalpine sparse meadow / shrubland, Vaccinium cespitosum-dominated",dry,alpine,167,Vaccinium cespitosum (24.1%); Lupinus argenteus (8.2%); Heterotheca villosa (6.4%); Deschampsia cespitosa (2.7%); Calamagrostis canadensis (1.8%),"Vaccinium cespitosum (cov=24.1%, freq=73%, IV=7.7); Heterotheca villosa (cov=6.4%, freq=45%, IV=3.2); Calamagrostis canadensis (cov=1.8%, freq=9%, IV=3.0); Erigeron grandiflorus (cov=0.9%, freq=9%, IV=2.3); Lupinus argenteus (cov=8.2%, freq=18%, IV=2.1)",Bare (25.5%); NPV (11.8%); Other_Forb (7.3%),3,Carex utriculata - Calamagrostis canadensis Wet Meadow & Marsh Alliance,1225205,Alliance,GNR,/Taxon/ELEMENT_GLOBAL.2.1225205/Carex_utriculata_-_Calamagrostis_canadensis_Wet_Meadow_Marsh_Alliance,Calamagrostis canadensis,0.16,0.5,0.25,wet,NA
S15,"Late-melt alpine / subalpine meadow, Bistorta bistortoides-dominated",mesic,alpine,175,Calamagrostis stricta (11.1%); Deschampsia cespitosa (11.1%); Juncus arcticus (8.9%); Juncus parryi (8.9%); Bistorta bistortoides (6.1%),"Bistorta bistortoides (cov=6.1%, freq=33%, IV=15.9); Juncus parryi (cov=8.9%, freq=33%, IV=13.5); Salix spp (cov=2.2%, freq=22%, IV=13.5); Anemone multifida (cov=2.8%, freq=11%, IV=6.8); Calamagrostis stricta (cov=11.1%, freq=11%, IV=6.8)",NPV (24.4%); Other_Graminoid (7.2%); Other_Forb (5.0%),1,Juncus parryi / Sibbaldia procumbens Alpine Snowbed,730760,Association,G3,/Taxon/ELEMENT_GLOBAL.2.730760/Juncus_parryi_-_Sibbaldia_procumbens_Alpine_Snowbed,Juncus parryi,0.24,0.5,0.62,mesic,alpine
S15,"Late-melt alpine / subalpine meadow, Bistorta bistortoides-dominated",mesic,alpine,175,Calamagrostis stricta (11.1%); Deschampsia cespitosa (11.1%); Juncus arcticus (8.9%); Juncus parryi (8.9%); Bistorta bistortoides (6.1%),"Bistorta bistortoides (cov=6.1%, freq=33%, IV=15.9); Juncus parryi (cov=8.9%, freq=33%, IV=13.5); Salix spp (cov=2.2%, freq=22%, IV=13.5); Anemone multifida (cov=2.8%, freq=11%, IV=6.8); Calamagrostis stricta (cov=11.1%, freq=11%, IV=6.8)",NPV (24.4%); Other_Graminoid (7.2%); Other_Forb (5.0%),2,Juncus drummondii - Juncus parryi - Sibbaldia procumbens Rocky Mountain Alpine Snowbed Alliance,899297,Alliance,GNR,/Taxon/ELEMENT_GLOBAL.2.899297/Juncus_drummondii_-_Juncus_parryi_-_Sibbaldia_procumbens_Rocky_Mountain_Alpine_Snowbed_Alliance,Juncus parryi,0.24,0.33,0.43,wet,alpine
S15,"Late-melt alpine / subalpine meadow, Bistorta bistortoides-dominated",mesic,alpine,175,Calamagrostis stricta (11.1%); Deschampsia cespitosa (11.1%); Juncus arcticus (8.9%); Juncus parryi (8.9%); Bistorta bistortoides (6.1%),"Bistorta bistortoides (cov=6.1%, freq=33%, IV=15.9); Juncus parryi (cov=8.9%, freq=33%, IV=13.5); Salix spp (cov=2.2%, freq=22%, IV=13.5); Anemone multifida (cov=2.8%, freq=11%, IV=6.8); Calamagrostis stricta (cov=11.1%, freq=11%, IV=6.8)",NPV (24.4%); Other_Graminoid (7.2%); Other_Forb (5.0%),3,Calamagrostis stricta Wet Meadow,689176,Association,GU,/Taxon/ELEMENT_GLOBAL.2.689176/Calamagrostis_stricta_Wet_Meadow,Calamagrostis stricta,0.12,1,0.21,wet,NA
S16,"Subalpine meadow, Carex aquatilis-dominated",wet,subalpine,143,Carex aquatilis (23.9%); Carex spp (11.1%); Carex sp. (10.6%); Deschampsia cespitosa (10.0%); Juncus arcticus (8.3%),"Carex aquatilis (cov=23.9%, freq=44%, IV=11.8); Juncus cf. drummondii (cov=5.0%, freq=11%, IV=6.8); Geum macrophyllum (cov=1.1%, freq=11%, IV=6.8); Carex sp. (cov=10.6%, freq=22%, IV=4.1); Carex spp (cov=11.1%, freq=11%, IV=2.4)",NPV (18.3%); Other_Forb (5.6%); Other_Graminoid (3.3%),1,Salix wolfii / Carex aquatilis Wet Shrubland,689451,Association,G4,/Taxon/ELEMENT_GLOBAL.2.689451/Salix_wolfii_-_Carex_aquatilis_Wet_Shrubland,Carex aquatilis; Carex sp.; Carex spp,0.47,1.5,0.87,wet,NA
S16,"Subalpine meadow, Carex aquatilis-dominated",wet,subalpine,143,Carex aquatilis (23.9%); Carex spp (11.1%); Carex sp. (10.6%); Deschampsia cespitosa (10.0%); Juncus arcticus (8.3%),"Carex aquatilis (cov=23.9%, freq=44%, IV=11.8); Juncus cf. drummondii (cov=5.0%, freq=11%, IV=6.8); Geum macrophyllum (cov=1.1%, freq=11%, IV=6.8); Carex sp. (cov=10.6%, freq=22%, IV=4.1); Carex spp (cov=11.1%, freq=11%, IV=2.4)",NPV (18.3%); Other_Forb (5.6%); Other_Graminoid (3.3%),2,Carex aquatilis - Carex lasiocarpa - Sphagnum spp. Rocky Mountain Acidic Fen Group,856688,Group,G4,/Taxon/ELEMENT_GLOBAL.2.856688/Carex_aquatilis_-_Carex_lasiocarpa_-_Sphagnum_spp_Rocky_Mountain_Acidic_Fen_Group,Carex aquatilis; Carex sp.; Carex spp,0.47,1,0.79,wet,NA
S16,"Subalpine meadow, Carex aquatilis-dominated",wet,subalpine,143,Carex aquatilis (23.9%); Carex spp (11.1%); Carex sp. (10.6%); Deschampsia cespitosa (10.0%); Juncus arcticus (8.3%),"Carex aquatilis (cov=23.9%, freq=44%, IV=11.8); Juncus cf. drummondii (cov=5.0%, freq=11%, IV=6.8); Geum macrophyllum (cov=1.1%, freq=11%, IV=6.8); Carex sp. (cov=10.6%, freq=22%, IV=4.1); Carex spp (cov=11.1%, freq=11%, IV=2.4)",NPV (18.3%); Other_Forb (5.6%); Other_Graminoid (3.3%),3,Juncus drummondii - Carex spp. Alpine Snowbed,685918,Association,G4,/Taxon/ELEMENT_GLOBAL.2.685918/Juncus_drummondii_-_Carex_spp_Alpine_Snowbed,Juncus cf. drummondii; Carex sp.; Carex spp,0.32,1.5,0.67,wet,alpine
S17,"Late-melt alpine / subalpine meadow, Carex aquatilis-dominated",wet,alpine,171,Carex aquatilis (100.0%),"Carex aquatilis (cov=100.0%, freq=100%, IV=110.7)",Bare (0.0%); NPV (0.0%); Other_Deciduous_Shrub (0.0%),1,Salix wolfii / Carex aquatilis Wet Shrubland,689451,Association,G4,/Taxon/ELEMENT_GLOBAL.2.689451/Salix_wolfii_-_Carex_aquatilis_Wet_Shrubland,Carex aquatilis,1,0.5,0.82,wet,NA
S17,"Late-melt alpine / subalpine meadow, Carex aquatilis-dominated",wet,alpine,171,Carex aquatilis (100.0%),"Carex aquatilis (cov=100.0%, freq=100%, IV=110.7)",Bare (0.0%); NPV (0.0%); Other_Deciduous_Shrub (0.0%),2,Carex aquatilis - Carex lasiocarpa - Sphagnum spp. Rocky Mountain Acidic Fen Group,856688,Group,G4,/Taxon/ELEMENT_GLOBAL.2.856688/Carex_aquatilis_-_Carex_lasiocarpa_-_Sphagnum_spp_Rocky_Mountain_Acidic_Fen_Group,Carex aquatilis,1,0.33,0.65,wet,NA
S18,"Low-elevation sparse meadow / shrubland, Balsamorhiza sagittata-dominated",dry,montane,104,Balsamorhiza sagittata (13.5%); Wyethia amplexicaulis (13.5%); Symphoricarpos rotundifolius (8.0%); Chrysothamnus depressus (4.5%); Chrysothamnus viscidiflorus (3.5%),"Balsamorhiza sagittata (cov=13.5%, freq=40%, IV=15.6); Wyethia amplexicaulis (cov=13.5%, freq=50%, IV=12.3); Chrysothamnus depressus (cov=4.5%, freq=20%, IV=4.5); Symphoricarpos rotundifolius (cov=8.0%, freq=20%, IV=2.8); Chrysothamnus viscidiflorus (cov=3.5%, freq=30%, IV=2.3)",Bare (26.0%); NPV (12.0%); Other_Forb (9.5%),1,Artemisia tridentata ssp. vaseyana / Balsamorhiza sagittata Shrubland,686099,Association,GNR,/Taxon/ELEMENT_GLOBAL.2.686099/Artemisia_tridentata_ssp_vaseyana_-_Balsamorhiza_sagittata_Shrubland,Balsamorhiza sagittata,0.42,0.5,0.45,wet,NA
S18,"Low-elevation sparse meadow / shrubland, Balsamorhiza sagittata-dominated",dry,montane,104,Balsamorhiza sagittata (13.5%); Wyethia amplexicaulis (13.5%); Symphoricarpos rotundifolius (8.0%); Chrysothamnus depressus (4.5%); Chrysothamnus viscidiflorus (3.5%),"Balsamorhiza sagittata (cov=13.5%, freq=40%, IV=15.6); Wyethia amplexicaulis (cov=13.5%, freq=50%, IV=12.3); Chrysothamnus depressus (cov=4.5%, freq=20%, IV=4.5); Symphoricarpos rotundifolius (cov=8.0%, freq=20%, IV=2.8); Chrysothamnus viscidiflorus (cov=3.5%, freq=30%, IV=2.3)",Bare (26.0%); NPV (12.0%); Other_Forb (9.5%),2,Artemisia tridentata ssp. wyomingensis / Balsamorhiza sagittata Shrubland,689114,Association,G5,/Taxon/ELEMENT_GLOBAL.2.689114/Artemisia_tridentata_ssp_wyomingensis_-_Balsamorhiza_sagittata_Shrubland,Balsamorhiza sagittata,0.42,0.5,0.45,wet,NA
S18,"Low-elevation sparse meadow / shrubland, Balsamorhiza sagittata-dominated",dry,montane,104,Balsamorhiza sagittata (13.5%); Wyethia amplexicaulis (13.5%); Symphoricarpos rotundifolius (8.0%); Chrysothamnus depressus (4.5%); Chrysothamnus viscidiflorus (3.5%),"Balsamorhiza sagittata (cov=13.5%, freq=40%, IV=15.6); Wyethia amplexicaulis (cov=13.5%, freq=50%, IV=12.3); Chrysothamnus depressus (cov=4.5%, freq=20%, IV=4.5); Symphoricarpos rotundifolius (cov=8.0%, freq=20%, IV=2.8); Chrysothamnus viscidiflorus (cov=3.5%, freq=30%, IV=2.3)",Bare (26.0%); NPV (12.0%); Other_Forb (9.5%),3,Chrysothamnus viscidiflorus Shrub Grassland,769588,Association,GNR,/Taxon/ELEMENT_GLOBAL.2.769588/Chrysothamnus_viscidiflorus_Shrub_Grassland,Chrysothamnus viscidiflorus,0.06,1,0.42,dry,montane
S19,"Low-elevation rocky shrub-steppe, Chrysothamnus depressus-dominated",dry,montane,101,Chrysothamnus depressus (10.8%); Balsamorhiza sagittata (9.2%); Phlox multiflora (5.0%); Tetradymia canescens (3.3%); Amelanchier alnifolia (1.7%),"Chrysothamnus depressus (cov=10.8%, freq=83%, IV=45.0); Balsamorhiza sagittata (cov=9.2%, freq=50%, IV=13.2); Phlox multiflora (cov=5.0%, freq=50%, IV=9.8); Tetradymia canescens (cov=3.3%, freq=17%, IV=7.6); Amelanchier alnifolia (cov=1.7%, freq=17%, IV=3.8)",Bare (55.0%); Other_Forb (6.7%); NPV (6.7%),1,Artemisia tridentata ssp. vaseyana / Balsamorhiza sagittata Shrubland,686099,Association,GNR,/Taxon/ELEMENT_GLOBAL.2.686099/Artemisia_tridentata_ssp_vaseyana_-_Balsamorhiza_sagittata_Shrubland,Balsamorhiza sagittata,0.17,0.5,0.25,wet,NA
S19,"Low-elevation rocky shrub-steppe, Chrysothamnus depressus-dominated",dry,montane,101,Chrysothamnus depressus (10.8%); Balsamorhiza sagittata (9.2%); Phlox multiflora (5.0%); Tetradymia canescens (3.3%); Amelanchier alnifolia (1.7%),"Chrysothamnus depressus (cov=10.8%, freq=83%, IV=45.0); Balsamorhiza sagittata (cov=9.2%, freq=50%, IV=13.2); Phlox multiflora (cov=5.0%, freq=50%, IV=9.8); Tetradymia canescens (cov=3.3%, freq=17%, IV=7.6); Amelanchier alnifolia (cov=1.7%, freq=17%, IV=3.8)",Bare (55.0%); Other_Forb (6.7%); NPV (6.7%),2,Artemisia tridentata ssp. wyomingensis / Balsamorhiza sagittata Shrubland,689114,Association,G5,/Taxon/ELEMENT_GLOBAL.2.689114/Artemisia_tridentata_ssp_wyomingensis_-_Balsamorhiza_sagittata_Shrubland,Balsamorhiza sagittata,0.17,0.5,0.25,wet,NA
S19,"Low-elevation rocky shrub-steppe, Chrysothamnus depressus-dominated",dry,montane,101,Chrysothamnus depressus (10.8%); Balsamorhiza sagittata (9.2%); Phlox multiflora (5.0%); Tetradymia canescens (3.3%); Amelanchier alnifolia (1.7%),"Chrysothamnus depressus (cov=10.8%, freq=83%, IV=45.0); Balsamorhiza sagittata (cov=9.2%, freq=50%, IV=13.2); Phlox multiflora (cov=5.0%, freq=50%, IV=9.8); Tetradymia canescens (cov=3.3%, freq=17%, IV=7.6); Amelanchier alnifolia (cov=1.7%, freq=17%, IV=3.8)",Bare (55.0%); Other_Forb (6.7%); NPV (6.7%),3,Amelanchier alnifolia - Symphoricarpos spp. - Rhus glabra Central Rocky Mountain Shrubland Group,836901,Group,G4,/Taxon/ELEMENT_GLOBAL.2.836901/Amelanchier_alnifolia_-_Symphoricarpos_spp_-_Rhus_glabra_Central_Rocky_Mountain_Shrubland_Group,Amelanchier alnifolia,0.05,0.33,0.23,dry,alpine
S20.a,"Low-elevation meadow, Artemisia tridentata-dominated",NA,NA,99,Artemisia tridentata (38.8%); Arctostaphylos uva-ursi (8.1%); Purshia tridentata (3.8%); Chrysothamnus viscidiflorus (3.1%); Eriogonum umbellatum (2.5%),"Artemisia tridentata (cov=38.8%, freq=100%, IV=20.1); Arctostaphylos uva-ursi (cov=8.1%, freq=12%, IV=1.8); Chrysothamnus viscidiflorus (cov=3.1%, freq=25%, IV=1.7); Purshia tridentata (cov=3.8%, freq=12%, IV=1.0); Mahonia repens (cov=1.2%, freq=12%, IV=0.7)",NPV (18.8%); Bare (16.2%); Other_Graminoid (3.1%),1,Artemisia tridentata ssp. spiciformis - Artemisia tridentata ssp. vaseyana Montane Steppe Group,835909,Group,G4,/Taxon/ELEMENT_GLOBAL.2.835909/Artemisia_tridentata_ssp_spiciformis_-_Artemisia_tridentata_ssp_vaseyana_Montane_Steppe_Group,Artemisia tridentata,0.79,1,0.89,wet,alpine
S20.a,"Low-elevation meadow, Artemisia tridentata-dominated",NA,NA,99,Artemisia tridentata (38.8%); Arctostaphylos uva-ursi (8.1%); Purshia tridentata (3.8%); Chrysothamnus viscidiflorus (3.1%); Eriogonum umbellatum (2.5%),"Artemisia tridentata (cov=38.8%, freq=100%, IV=20.1); Arctostaphylos uva-ursi (cov=8.1%, freq=12%, IV=1.8); Chrysothamnus viscidiflorus (cov=3.1%, freq=25%, IV=1.7); Purshia tridentata (cov=3.8%, freq=12%, IV=1.0); Mahonia repens (cov=1.2%, freq=12%, IV=0.7)",NPV (18.8%); Bare (16.2%); Other_Graminoid (3.1%),2,Artemisia tridentata ssp. wyomingensis - Artemisia tridentata ssp. tridentata Desert Shrubland Group,837809,Group,G4,/Taxon/ELEMENT_GLOBAL.2.837809/Artemisia_tridentata_ssp_wyomingensis_-_Artemisia_tridentata_ssp_tridentata_Desert_Shrubland_Group,Artemisia tridentata,0.79,1,0.89,wet,montane
S20.a,"Low-elevation meadow, Artemisia tridentata-dominated",NA,NA,99,Artemisia tridentata (38.8%); Arctostaphylos uva-ursi (8.1%); Purshia tridentata (3.8%); Chrysothamnus viscidiflorus (3.1%); Eriogonum umbellatum (2.5%),"Artemisia tridentata (cov=38.8%, freq=100%, IV=20.1); Arctostaphylos uva-ursi (cov=8.1%, freq=12%, IV=1.8); Chrysothamnus viscidiflorus (cov=3.1%, freq=25%, IV=1.7); Purshia tridentata (cov=3.8%, freq=12%, IV=1.0); Mahonia repens (cov=1.2%, freq=12%, IV=0.7)",NPV (18.8%); Bare (16.2%); Other_Graminoid (3.1%),3,Artemisia tridentata ssp. wyomingensis Dry-mesic Shrub Steppe Alliance,899307,Alliance,GNR,/Taxon/ELEMENT_GLOBAL.2.899307/Artemisia_tridentata_ssp_wyomingensis_Dry-mesic_Shrub_Steppe_Alliance,Artemisia tridentata,0.79,1,0.89,dry,NA
S20.b,"Low-elevation sparse meadow / shrubland, Purshia tridentata-dominated",NA,NA,100,Purshia tridentata (7.6%); Arctostaphylos uva-ursi (6.4%); Chrysothamnus viscidiflorus (3.4%); Mahonia repens (3.3%); Ericameria nauseosa (2.8%),"Purshia tridentata (cov=7.6%, freq=21%, IV=3.3); Mahonia repens (cov=3.3%, freq=17%, IV=2.5); Arctostaphylos uva-ursi (cov=6.4%, freq=14%, IV=1.6); Rosa woodsii (cov=0.7%, freq=7%, IV=1.3); Chrysothamnus viscidiflorus (cov=3.4%, freq=17%, IV=1.3)",Bare (30.5%); NPV (19.7%); Other_Forb (5.5%),1,Artemisia cana ssp. viscidula / Purshia tridentata Shrubland,688060,Association,G3,/Taxon/ELEMENT_GLOBAL.2.688060/Artemisia_cana_ssp_viscidula_-_Purshia_tridentata_Shrubland,Purshia tridentata,0.33,0.5,0.4,mesic,NA
S20.b,"Low-elevation sparse meadow / shrubland, Purshia tridentata-dominated",NA,NA,100,Purshia tridentata (7.6%); Arctostaphylos uva-ursi (6.4%); Chrysothamnus viscidiflorus (3.4%); Mahonia repens (3.3%); Ericameria nauseosa (2.8%),"Purshia tridentata (cov=7.6%, freq=21%, IV=3.3); Mahonia repens (cov=3.3%, freq=17%, IV=2.5); Arctostaphylos uva-ursi (cov=6.4%, freq=14%, IV=1.6); Rosa woodsii (cov=0.7%, freq=7%, IV=1.3); Chrysothamnus viscidiflorus (cov=3.4%, freq=17%, IV=1.3)",Bare (30.5%); NPV (19.7%); Other_Forb (5.5%),2,Purshia tridentata - Ribes cereum Shrubland Alliance,899783,Alliance,GNR,/Taxon/ELEMENT_GLOBAL.2.899783/Purshia_tridentata_-_Ribes_cereum_Shrubland_Alliance,Purshia tridentata,0.33,0.5,0.4,wet,montane
S20.b,"Low-elevation sparse meadow / shrubland, Purshia tridentata-dominated",NA,NA,100,Purshia tridentata (7.6%); Arctostaphylos uva-ursi (6.4%); Chrysothamnus viscidiflorus (3.4%); Mahonia repens (3.3%); Ericameria nauseosa (2.8%),"Purshia tridentata (cov=7.6%, freq=21%, IV=3.3); Mahonia repens (cov=3.3%, freq=17%, IV=2.5); Arctostaphylos uva-ursi (cov=6.4%, freq=14%, IV=1.6); Rosa woodsii (cov=0.7%, freq=7%, IV=1.3); Chrysothamnus viscidiflorus (cov=3.4%, freq=17%, IV=1.3)",Bare (30.5%); NPV (19.7%); Other_Forb (5.5%),3,Artemisia tridentata - Artemisia tripartita - Purshia tridentata Steppe Group,837794,Group,G3,/Taxon/ELEMENT_GLOBAL.2.837794/Artemisia_tridentata_-_Artemisia_tripartita_-_Purshia_tridentata_Steppe_Group,Purshia tridentata,0.33,0.33,0.33,dry,NA
S21,"Mid-elevation montane dry meadow, Carex sp.-dominated",dry,montane,128,Carex sp. (12.9%); Potentilla hippiana (3.8%); Festuca thurberi (2.4%); Caltha leptosepala (2.4%); Eriogonum umbellatum (2.4%),"Carex sp. (cov=12.9%, freq=29%, IV=6.6); Artemisia cana (cov=1.5%, freq=6%, IV=1.9); Potentilla hippiana (cov=3.8%, freq=18%, IV=1.7); Solidago simplex (cov=0.9%, freq=6%, IV=1.1); Salix wolfii (cov=0.9%, freq=6%, IV=0.7)",NPV (49.1%); Other_Forb (5.6%); Bare (4.7%),1,Salix wolfii / Carex utriculata Wet Shrubland,687185,Association,G4,/Taxon/ELEMENT_GLOBAL.2.687185/Salix_wolfii_-_Carex_utriculata_Wet_Shrubland,Carex sp.; Salix wolfii,0.33,1,0.5,wet,alpine
S21,"Mid-elevation montane dry meadow, Carex sp.-dominated",dry,montane,128,Carex sp. (12.9%); Potentilla hippiana (3.8%); Festuca thurberi (2.4%); Caltha leptosepala (2.4%); Eriogonum umbellatum (2.4%),"Carex sp. (cov=12.9%, freq=29%, IV=6.6); Artemisia cana (cov=1.5%, freq=6%, IV=1.9); Potentilla hippiana (cov=3.8%, freq=18%, IV=1.7); Solidago simplex (cov=0.9%, freq=6%, IV=1.1); Salix wolfii (cov=0.9%, freq=6%, IV=0.7)",NPV (49.1%); Other_Forb (5.6%); Bare (4.7%),2,Salix wolfii / Carex aquatilis Wet Shrubland,689451,Association,G4,/Taxon/ELEMENT_GLOBAL.2.689451/Salix_wolfii_-_Carex_aquatilis_Wet_Shrubland,Carex sp.; Salix wolfii,0.33,1,0.5,wet,NA
S21,"Mid-elevation montane dry meadow, Carex sp.-dominated",dry,montane,128,Carex sp. (12.9%); Potentilla hippiana (3.8%); Festuca thurberi (2.4%); Caltha leptosepala (2.4%); Eriogonum umbellatum (2.4%),"Carex sp. (cov=12.9%, freq=29%, IV=6.6); Artemisia cana (cov=1.5%, freq=6%, IV=1.9); Potentilla hippiana (cov=3.8%, freq=18%, IV=1.7); Solidago simplex (cov=0.9%, freq=6%, IV=1.1); Salix wolfii (cov=0.9%, freq=6%, IV=0.7)",NPV (49.1%); Other_Forb (5.6%); Bare (4.7%),3,Artemisia cana Montane Wet Shrubland Alliance,1283076,Alliance,GNR,/Taxon/ELEMENT_GLOBAL.2.1283076/Artemisia_cana_Montane_Wet_Shrubland_Alliance,Artemisia cana,0.16,1,0.42,mesic,montane
S22,"Mid-elevation montane meadow, Oxytropis deflexa-dominated",mesic,montane,122,Oxytropis deflexa (5.9%); Artemisia tridentata (5.2%); Potentilla pulcherrima (5.0%); Geum triflorum (4.6%); Potentilla hippiana (3.9%),"Oxytropis deflexa (cov=5.9%, freq=17%, IV=3.0); Geum triflorum (cov=4.6%, freq=17%, IV=2.6); Potentilla hippiana (cov=3.9%, freq=17%, IV=1.7); Antennaria parvifolia (cov=2.0%, freq=4%, IV=1.0); Artemisia campestris (cov=0.7%, freq=4%, IV=1.0)",NPV (24.8%); Other_Forb (12.2%); Other_Graminoid (6.7%),1,Salix interior / Sporobolus cryptandrus - Artemisia campestris Riverscour Group,857077,Group,G3,/Taxon/ELEMENT_GLOBAL.2.857077/Salix_interior_-_Sporobolus_cryptandrus_-_Artemisia_campestris_Riverscour_Group,Artemisia campestris,0.11,0.33,0.31,mesic,NA
S22,"Mid-elevation montane meadow, Oxytropis deflexa-dominated",mesic,montane,122,Oxytropis deflexa (5.9%); Artemisia tridentata (5.2%); Potentilla pulcherrima (5.0%); Geum triflorum (4.6%); Potentilla hippiana (3.9%),"Oxytropis deflexa (cov=5.9%, freq=17%, IV=3.0); Geum triflorum (cov=4.6%, freq=17%, IV=2.6); Potentilla hippiana (cov=3.9%, freq=17%, IV=1.7); Antennaria parvifolia (cov=2.0%, freq=4%, IV=1.0); Artemisia campestris (cov=0.7%, freq=4%, IV=1.0)",NPV (24.8%); Other_Forb (12.2%); Other_Graminoid (6.7%),2,Sporobolus cryptandrus - Artemisia campestris Wet Meadow Alliance,899649,Alliance,GNR,/Taxon/ELEMENT_GLOBAL.2.899649/Sporobolus_cryptandrus_-_Artemisia_campestris_Wet_Meadow_Alliance,Artemisia campestris,0.11,0.5,0.18,wet,NA
S23,"Subalpine meadow, Taraxacum officinale-dominated",disturbed,disturbed,136,Taraxacum officinale (8.6%); Eriogonum umbellatum (5.6%); Fragaria virginiana (3.0%); Potentilla pulcherrima (3.0%); Potentilla hippiana (2.6%),"Taraxacum officinale (cov=8.6%, freq=32%, IV=5.9); Solidago multiradiata (cov=2.0%, freq=12%, IV=2.6); Astragalus alpinus (cov=1.2%, freq=8%, IV=1.8); Fragaria virginiana (cov=3.0%, freq=12%, IV=1.3); Carex geyeri (cov=1.0%, freq=4%, IV=0.9)",Bare (18.2%); NPV (14.0%); Other_Forb (10.8%),1,Danthonia intermedia - Solidago multiradiata Grassland,687592,Association,G3,/Taxon/ELEMENT_GLOBAL.2.687592/Danthonia_intermedia_-_Solidago_multiradiata_Grassland,Solidago multiradiata,0.21,0.5,0.29,dry,NA
S23,"Subalpine meadow, Taraxacum officinale-dominated",disturbed,disturbed,136,Taraxacum officinale (8.6%); Eriogonum umbellatum (5.6%); Fragaria virginiana (3.0%); Potentilla pulcherrima (3.0%); Potentilla hippiana (2.6%),"Taraxacum officinale (cov=8.6%, freq=32%, IV=5.9); Solidago multiradiata (cov=2.0%, freq=12%, IV=2.6); Astragalus alpinus (cov=1.2%, freq=8%, IV=1.8); Fragaria virginiana (cov=3.0%, freq=12%, IV=1.3); Carex geyeri (cov=1.0%, freq=4%, IV=0.9)",Bare (18.2%); NPV (14.0%); Other_Forb (10.8%),2,Salix wolfii / Fragaria virginiana Wet Shrubland,684019,Association,G4,/Taxon/ELEMENT_GLOBAL.2.684019/Salix_wolfii_-_Fragaria_virginiana_Wet_Shrubland,Fragaria virginiana,0.1,0.5,0.17,wet,montane
S23,"Subalpine meadow, Taraxacum officinale-dominated",disturbed,disturbed,136,Taraxacum officinale (8.6%); Eriogonum umbellatum (5.6%); Fragaria virginiana (3.0%); Potentilla pulcherrima (3.0%); Potentilla hippiana (2.6%),"Taraxacum officinale (cov=8.6%, freq=32%, IV=5.9); Solidago multiradiata (cov=2.0%, freq=12%, IV=2.6); Astragalus alpinus (cov=1.2%, freq=8%, IV=1.8); Fragaria virginiana (cov=3.0%, freq=12%, IV=1.3); Carex geyeri (cov=1.0%, freq=4%, IV=0.9)",Bare (18.2%); NPV (14.0%); Other_Forb (10.8%),3,Amelanchier utahensis - Mixed Shrub / Carex geyeri Shrubland,684724,Association,G2,/Taxon/ELEMENT_GLOBAL.2.684724/Amelanchier_utahensis_-_Mixed_Shrub_-_Carex_geyeri_Shrubland,Carex geyeri,0.07,0.5,0.13,dry,NA
S24,"Subalpine rocky shrub-steppe, Amelanchier alnifolia-dominated",dry,subalpine,134,Eriogonum umbellatum (7.7%); Artemisia tridentata (4.6%); Heterotheca villosa (4.2%); Festuca thurberi (2.7%); Amelanchier alnifolia (2.3%),"Amelanchier alnifolia (cov=2.3%, freq=15%, IV=4.9); Eriogonum umbellatum (cov=7.7%, freq=38%, IV=3.1); Achnatherum lettermanii (cov=0.8%, freq=8%, IV=1.6); Heterotheca villosa (cov=4.2%, freq=31%, IV=1.4); Artemisia tridentata (cov=4.6%, freq=23%, IV=0.6)",Bare (46.2%); NPV (14.2%); Other_Forb (7.3%),1,Amelanchier alnifolia - Symphoricarpos spp. - Rhus glabra Central Rocky Mountain Shrubland Group,836901,Group,G4,/Taxon/ELEMENT_GLOBAL.2.836901/Amelanchier_alnifolia_-_Symphoricarpos_spp_-_Rhus_glabra_Central_Rocky_Mountain_Shrubland_Group,Amelanchier alnifolia,0.42,0.33,0.52,dry,alpine
S24,"Subalpine rocky shrub-steppe, Amelanchier alnifolia-dominated",dry,subalpine,134,Eriogonum umbellatum (7.7%); Artemisia tridentata (4.6%); Heterotheca villosa (4.2%); Festuca thurberi (2.7%); Amelanchier alnifolia (2.3%),"Amelanchier alnifolia (cov=2.3%, freq=15%, IV=4.9); Eriogonum umbellatum (cov=7.7%, freq=38%, IV=3.1); Achnatherum lettermanii (cov=0.8%, freq=8%, IV=1.6); Heterotheca villosa (cov=4.2%, freq=31%, IV=1.4); Artemisia tridentata (cov=4.6%, freq=23%, IV=0.6)",Bare (46.2%); NPV (14.2%); Other_Forb (7.3%),2,Central Rocky Mountain Amelanchier alnifolia - Menziesia ferruginea - Physocarpus malvaceus Shrubland Macrogroup,1285582,Macrogroup,GNR,/Taxon/ELEMENT_GLOBAL.2.1285582/Central_Rocky_Mountain_Amelanchier_alnifolia_-_Menziesia_ferruginea_-_Physocarpus_malvaceus_Shrubland_Macrogroup,Amelanchier alnifolia,0.42,0.33,0.52,dry,alpine
S24,"Subalpine rocky shrub-steppe, Amelanchier alnifolia-dominated",dry,subalpine,134,Eriogonum umbellatum (7.7%); Artemisia tridentata (4.6%); Heterotheca villosa (4.2%); Festuca thurberi (2.7%); Amelanchier alnifolia (2.3%),"Amelanchier alnifolia (cov=2.3%, freq=15%, IV=4.9); Eriogonum umbellatum (cov=7.7%, freq=38%, IV=3.1); Achnatherum lettermanii (cov=0.8%, freq=8%, IV=1.6); Heterotheca villosa (cov=4.2%, freq=31%, IV=1.4); Artemisia tridentata (cov=4.6%, freq=23%, IV=0.6)",Bare (46.2%); NPV (14.2%); Other_Forb (7.3%),3,Artemisia tridentata ssp. vaseyana / Achnatherum lettermanii Shrubland,785239,Association,GNR,/Taxon/ELEMENT_GLOBAL.2.785239/Artemisia_tridentata_ssp_vaseyana_-_Achnatherum_lettermanii_Shrubland,Achnatherum lettermanii; Artemisia tridentata,0.19,1,0.32,wet,NA
S25,"Late-melt alpine / subalpine meadow, Chamaenerion angustifolium-dominated",mesic,alpine,166,Carex saxatilis (10.3%); Bromopsis inermis (5.3%); Vaccinium cespitosum (4.3%); Arnica mollis (4.0%); Chamaenerion angustifolium (3.3%),"Chamaenerion angustifolium (cov=3.3%, freq=13%, IV=4.9); Carex saxatilis (cov=10.3%, freq=13%, IV=4.9); Bromopsis inermis (cov=5.3%, freq=33%, IV=2.4); Erigeron elatior (cov=0.7%, freq=7%, IV=2.4); Hymenoxys hoopesii (cov=2.0%, freq=20%, IV=1.4)",Bare (18.7%); NPV (15.0%); Other_Forb (11.0%),1,Carex saxatilis Fen,683375,Association,G3,/Taxon/ELEMENT_GLOBAL.2.683375/Carex_saxatilis_Fen,Carex saxatilis,0.31,1,0.47,wet,NA
S25,"Late-melt alpine / subalpine meadow, Chamaenerion angustifolium-dominated",mesic,alpine,166,Carex saxatilis (10.3%); Bromopsis inermis (5.3%); Vaccinium cespitosum (4.3%); Arnica mollis (4.0%); Chamaenerion angustifolium (3.3%),"Chamaenerion angustifolium (cov=3.3%, freq=13%, IV=4.9); Carex saxatilis (cov=10.3%, freq=13%, IV=4.9); Bromopsis inermis (cov=5.3%, freq=33%, IV=2.4); Erigeron elatior (cov=0.7%, freq=7%, IV=2.4); Hymenoxys hoopesii (cov=2.0%, freq=20%, IV=1.4)",Bare (18.7%); NPV (15.0%); Other_Forb (11.0%),2,Agropyron cristatum - Bromus inermis - Poa pratensis Ruderal Grassland Alliance,899378,Alliance,GNA,/Taxon/ELEMENT_GLOBAL.2.899378/Agropyron_cristatum_-_Bromus_inermis_-_Poa_pratensis_Ruderal_Grassland_Alliance,Bromopsis inermis,0.15,0.33,0.36,dry,alpine
S25,"Late-melt alpine / subalpine meadow, Chamaenerion angustifolium-dominated",mesic,alpine,166,Carex saxatilis (10.3%); Bromopsis inermis (5.3%); Vaccinium cespitosum (4.3%); Arnica mollis (4.0%); Chamaenerion angustifolium (3.3%),"Chamaenerion angustifolium (cov=3.3%, freq=13%, IV=4.9); Carex saxatilis (cov=10.3%, freq=13%, IV=4.9); Bromopsis inermis (cov=5.3%, freq=33%, IV=2.4); Erigeron elatior (cov=0.7%, freq=7%, IV=2.4); Hymenoxys hoopesii (cov=2.0%, freq=20%, IV=1.4)",Bare (18.7%); NPV (15.0%); Other_Forb (11.0%),3,Bromus inermis - (Pascopyrum smithii) Ruderal Grassland,684068,Association,GNA,/Taxon/ELEMENT_GLOBAL.2.684068/Bromus_inermis_-_(Pascopyrum_smithii)_Ruderal_Grassland,Bromopsis inermis,0.15,0.5,0.23,wet,montane
S26,"Subalpine meadow, Agoseris glauca-dominated",mesic,subalpine,144,Achillea millefolium (6.4%); Antennaria corymbosa (4.3%); Vaccinium cespitosum (3.9%); Carex aquatilis (3.9%); Rumex densiflorus (3.6%),"Agoseris glauca (cov=2.5%, freq=21%, IV=6.5); Antennaria corymbosa (cov=4.3%, freq=14%, IV=5.6); Cirsium scariosum (cov=1.1%, freq=7%, IV=2.8); Achillea millefolium (cov=6.4%, freq=14%, IV=2.4); Salix wolfii (cov=1.8%, freq=7%, IV=1.7)",Other_Forb (35.0%); NPV (11.8%); Other_Graminoid (8.6%),1,Salix wolfii / Mesic Forbs Wet Shrubland,684020,Association,G3,/Taxon/ELEMENT_GLOBAL.2.684020/Salix_wolfii_-_Mesic_Forbs_Wet_Shrubland,Salix wolfii,0.09,1,0.31,mesic,alpine
S26,"Subalpine meadow, Agoseris glauca-dominated",mesic,subalpine,144,Achillea millefolium (6.4%); Antennaria corymbosa (4.3%); Vaccinium cespitosum (3.9%); Carex aquatilis (3.9%); Rumex densiflorus (3.6%),"Agoseris glauca (cov=2.5%, freq=21%, IV=6.5); Antennaria corymbosa (cov=4.3%, freq=14%, IV=5.6); Cirsium scariosum (cov=1.1%, freq=7%, IV=2.8); Achillea millefolium (cov=6.4%, freq=14%, IV=2.4); Salix wolfii (cov=1.8%, freq=7%, IV=1.7)",Other_Forb (35.0%); NPV (11.8%); Other_Graminoid (8.6%),2,Salix wolfii / Deschampsia cespitosa Wet Shrubland,687741,Association,G3,/Taxon/ELEMENT_GLOBAL.2.687741/Salix_wolfii_-_Deschampsia_cespitosa_Wet_Shrubland,Salix wolfii,0.09,0.5,0.3,mesic,montane
S26,"Subalpine meadow, Agoseris glauca-dominated",mesic,subalpine,144,Achillea millefolium (6.4%); Antennaria corymbosa (4.3%); Vaccinium cespitosum (3.9%); Carex aquatilis (3.9%); Rumex densiflorus (3.6%),"Agoseris glauca (cov=2.5%, freq=21%, IV=6.5); Antennaria corymbosa (cov=4.3%, freq=14%, IV=5.6); Cirsium scariosum (cov=1.1%, freq=7%, IV=2.8); Achillea millefolium (cov=6.4%, freq=14%, IV=2.4); Salix wolfii (cov=1.8%, freq=7%, IV=1.7)",Other_Forb (35.0%); NPV (11.8%); Other_Graminoid (8.6%),3,Deschampsia cespitosa - Achillea millefolium var. occidentalis Wet Meadow,687593,Association,G5,/Taxon/ELEMENT_GLOBAL.2.687593/Deschampsia_cespitosa_-_Achillea_millefolium_var_occidentalis_Wet_Meadow,Achillea millefolium,0.13,0.5,0.2,wet,NA
Veratrum tenuipetalum,"Subalpine meadow, Veratrum tenuipetalum-dominated",wet,subalpine,145,Veratrum tenuipetalum (86.2%); Ligusticum porteri (2.6%); Mertensia ciliata (1.8%); Senecio serra (0.9%); Delphinium barbeyi (0.6%),"Veratrum tenuipetalum (cov=86.2%, freq=100%, IV=18.8); Mertensia ciliata (cov=1.8%, freq=12%, IV=0.3); Chamerion danielsii (cov=0.6%, freq=6%, IV=0.2); Senecio serra (cov=0.9%, freq=6%, IV=0.2); Ligusticum porteri (cov=2.6%, freq=24%, IV=0.1)",NPV (3.8%); Other_Forb (3.2%); Other_Graminoid (0.3%),1,Heracleum maximum - Veratrum viride Wet Meadow Alliance,1225209,Alliance,GNR,/Taxon/ELEMENT_GLOBAL.2.1225209/Heracleum_maximum_-_Veratrum_viride_Wet_Meadow_Alliance,Veratrum tenuipetalum,0.96,0.5,0.81,wet,NA
Veratrum tenuipetalum,"Subalpine meadow, Veratrum tenuipetalum-dominated",wet,subalpine,145,Veratrum tenuipetalum (86.2%); Ligusticum porteri (2.6%); Mertensia ciliata (1.8%); Senecio serra (0.9%); Delphinium barbeyi (0.6%),"Veratrum tenuipetalum (cov=86.2%, freq=100%, IV=18.8); Mertensia ciliata (cov=1.8%, freq=12%, IV=0.3); Chamerion danielsii (cov=0.6%, freq=6%, IV=0.2); Senecio serra (cov=0.9%, freq=6%, IV=0.2); Ligusticum porteri (cov=2.6%, freq=24%, IV=0.1)",NPV (3.8%); Other_Forb (3.2%); Other_Graminoid (0.3%),2,Deschampsia cespitosa - Mertensia ciliata Wet Meadow,689243,Association,GU,/Taxon/ELEMENT_GLOBAL.2.689243/Deschampsia_cespitosa_-_Mertensia_ciliata_Wet_Meadow,Mertensia ciliata,0.02,0.5,0.18,wet,NA
Veratrum tenuipetalum,"Subalpine meadow, Veratrum tenuipetalum-dominated",wet,subalpine,145,Veratrum tenuipetalum (86.2%); Ligusticum porteri (2.6%); Mertensia ciliata (1.8%); Senecio serra (0.9%); Delphinium barbeyi (0.6%),"Veratrum tenuipetalum (cov=86.2%, freq=100%, IV=18.8); Mertensia ciliata (cov=1.8%, freq=12%, IV=0.3); Chamerion danielsii (cov=0.6%, freq=6%, IV=0.2); Senecio serra (cov=0.9%, freq=6%, IV=0.2); Ligusticum porteri (cov=2.6%, freq=24%, IV=0.1)",NPV (3.8%); Other_Forb (3.2%); Other_Graminoid (0.3%),3,Calamagrostis canadensis - Carex scopulorum - Mertensia ciliata Wet Meadow,687485,Association,GU,/Taxon/ELEMENT_GLOBAL.2.687485/Calamagrostis_canadensis_-_Carex_scopulorum_-_Mertensia_ciliata_Wet_Meadow,Mertensia ciliata,0.02,0.33,0.18,wet,NA
